--------------------------------------------------------
--  File created - Sunday-November-05-2017   
--------------------------------------------------------
REM INSERTING into ASSOCIATED_TOPIC
SET DEFINE OFF;
Insert into ASSOCIATED_TOPIC (TOPIC_ID,COURSE_ID) values ('1','CSC540');
Insert into ASSOCIATED_TOPIC (TOPIC_ID,COURSE_ID) values ('2','CSC540');
Insert into ASSOCIATED_TOPIC (TOPIC_ID,COURSE_ID) values ('3','CSC540');
Insert into ASSOCIATED_TOPIC (TOPIC_ID,COURSE_ID) values ('4','CSC540');
Insert into ASSOCIATED_TOPIC (TOPIC_ID,COURSE_ID) values ('5','CSC440');
Insert into ASSOCIATED_TOPIC (TOPIC_ID,COURSE_ID) values ('6','CSC440');
Insert into ASSOCIATED_TOPIC (TOPIC_ID,COURSE_ID) values ('7','CSC541');
Insert into ASSOCIATED_TOPIC (TOPIC_ID,COURSE_ID) values ('8','CSC541');
REM INSERTING into ATTEMPTS
SET DEFINE OFF;
Insert into ATTEMPTS (STUD_ID,HW_ID,ID,ATTEMPT_NO,SUBMISSION_TIME,TOTAL_SCORE,TOTAL_CORRECT_QUESTIONS) values ('aneela','1','136','3',null,10,null);
Insert into ATTEMPTS (STUD_ID,HW_ID,ID,ATTEMPT_NO,SUBMISSION_TIME,TOTAL_SCORE,TOTAL_CORRECT_QUESTIONS) values ('aneela','1','133','1',null,10,null);
Insert into ATTEMPTS (STUD_ID,HW_ID,ID,ATTEMPT_NO,SUBMISSION_TIME,TOTAL_SCORE,TOTAL_CORRECT_QUESTIONS) values ('aneela','1','135','2',null,10,null);
Insert into ATTEMPTS (STUD_ID,HW_ID,ID,ATTEMPT_NO,SUBMISSION_TIME,TOTAL_SCORE,TOTAL_CORRECT_QUESTIONS) values ('aneela','4','132','2',null,10,null);
Insert into ATTEMPTS (STUD_ID,HW_ID,ID,ATTEMPT_NO,SUBMISSION_TIME,TOTAL_SCORE,TOTAL_CORRECT_QUESTIONS) values ('aneela','1','137','4',null,10,null);
Insert into ATTEMPTS (STUD_ID,HW_ID,ID,ATTEMPT_NO,SUBMISSION_TIME,TOTAL_SCORE,TOTAL_CORRECT_QUESTIONS) values ('aneela','1','138','5',null,10,null);
Insert into ATTEMPTS (STUD_ID,HW_ID,ID,ATTEMPT_NO,SUBMISSION_TIME,TOTAL_SCORE,TOTAL_CORRECT_QUESTIONS) values ('aneela','4','125','1',null,10,null);
Insert into ATTEMPTS (STUD_ID,HW_ID,ID,ATTEMPT_NO,SUBMISSION_TIME,TOTAL_SCORE,TOTAL_CORRECT_QUESTIONS) values ('aneela','5','140','2',null,10,null);
REM INSERTING into ATTEMPT_INFO
SET DEFINE OFF;
Insert into ATTEMPT_INFO (ATTEMPT_ID,QUES_ID,ANS_ID,IS_CORRECT) values ('133','24','8',0);
Insert into ATTEMPT_INFO (ATTEMPT_ID,QUES_ID,ANS_ID,IS_CORRECT) values ('135','24','1',0);
Insert into ATTEMPT_INFO (ATTEMPT_ID,QUES_ID,ANS_ID,IS_CORRECT) values ('132','16','4',0);
Insert into ATTEMPT_INFO (ATTEMPT_ID,QUES_ID,ANS_ID,IS_CORRECT) values ('132','22','2',0);
Insert into ATTEMPT_INFO (ATTEMPT_ID,QUES_ID,ANS_ID,IS_CORRECT) values ('125','16','4',0);
Insert into ATTEMPT_INFO (ATTEMPT_ID,QUES_ID,ANS_ID,IS_CORRECT) values ('125','22','3',0);
Insert into ATTEMPT_INFO (ATTEMPT_ID,QUES_ID,ANS_ID,IS_CORRECT) values ('137','24','7',0);
Insert into ATTEMPT_INFO (ATTEMPT_ID,QUES_ID,ANS_ID,IS_CORRECT) values ('137','21','1',0);
Insert into ATTEMPT_INFO (ATTEMPT_ID,QUES_ID,ANS_ID,IS_CORRECT) values ('140','102','108',1);
Insert into ATTEMPT_INFO (ATTEMPT_ID,QUES_ID,ANS_ID,IS_CORRECT) values ('140','103','112',1);
Insert into ATTEMPT_INFO (ATTEMPT_ID,QUES_ID,ANS_ID,IS_CORRECT) values ('140','100','100',1);
Insert into ATTEMPT_INFO (ATTEMPT_ID,QUES_ID,ANS_ID,IS_CORRECT) values ('140','101','106',1);
REM INSERTING into COURSES
SET DEFINE OFF;
Insert into COURSES (ID,NAME,START_DATE,END_DATE,INSTRUCTOR_ID) values ('CSC15','Undergrad course',to_date('01-JAN-17','DD-MON-RR'),to_date('10-AUG-17','DD-MON-RR'),'kogan');
Insert into COURSES (ID,NAME,START_DATE,END_DATE,INSTRUCTOR_ID) values ('CSC540','Database Systems',to_date('25-AUG-17','DD-MON-RR'),to_date('10-DEC-17','DD-MON-RR'),'kogan');
Insert into COURSES (ID,NAME,START_DATE,END_DATE,INSTRUCTOR_ID) values ('CSC599','Graph Databases',to_date('05-JAN-18','DD-MON-RR'),to_date('05-MAY-18','DD-MON-RR'),'kogan');
Insert into COURSES (ID,NAME,START_DATE,END_DATE,INSTRUCTOR_ID) values ('CSC440','Database Systems',to_date('27-AUG-17','DD-MON-RR'),to_date('12-DEC-17','DD-MON-RR'),'rchirkova');
Insert into COURSES (ID,NAME,START_DATE,END_DATE,INSTRUCTOR_ID) values ('CSC541','Advanced Datastructures',to_date('25-AUG-17','DD-MON-RR'),to_date('06-DEC-17','DD-MON-RR'),'chealey');
REM INSERTING into COURSE_ENROLLMENT
SET DEFINE OFF;
Insert into COURSE_ENROLLMENT (STUDENT_ID,COURSE_ID) values ('aneela','CSC540');
Insert into COURSE_ENROLLMENT (STUDENT_ID,COURSE_ID) values ('aneela','CSC541');
Insert into COURSE_ENROLLMENT (STUDENT_ID,COURSE_ID) values ('jander','CSC440');
Insert into COURSE_ENROLLMENT (STUDENT_ID,COURSE_ID) values ('jmick','CSC540');
Insert into COURSE_ENROLLMENT (STUDENT_ID,COURSE_ID) values ('jmick','CSC541');
Insert into COURSE_ENROLLMENT (STUDENT_ID,COURSE_ID) values ('mfisher','CSC440');
Insert into COURSE_ENROLLMENT (STUDENT_ID,COURSE_ID) values ('mjones','CSC540');
Insert into COURSE_ENROLLMENT (STUDENT_ID,COURSE_ID) values ('mjones','CSC541');
Insert into COURSE_ENROLLMENT (STUDENT_ID,COURSE_ID) values ('tregan','CSC440');
REM INSERTING into FIXED_ANSWERS
SET DEFINE OFF;
Insert into FIXED_ANSWERS (TEXT,QUESTION_ID,IS_CORRECT,ANSWER_ID) values ('credit and debit','23',1,'25');
Insert into FIXED_ANSWERS (TEXT,QUESTION_ID,IS_CORRECT,ANSWER_ID) values ('dog','23',0,'26');
Insert into FIXED_ANSWERS (TEXT,QUESTION_ID,IS_CORRECT,ANSWER_ID) values ('cat','23',0,'27');
Insert into FIXED_ANSWERS (TEXT,QUESTION_ID,IS_CORRECT,ANSWER_ID) values ('animal','23',0,'28');
Insert into FIXED_ANSWERS (TEXT,QUESTION_ID,IS_CORRECT,ANSWER_ID) values ('How u doinnnn','9',1,'1');
Insert into FIXED_ANSWERS (TEXT,QUESTION_ID,IS_CORRECT,ANSWER_ID) values ('Wassup!!','9',0,'2');
Insert into FIXED_ANSWERS (TEXT,QUESTION_ID,IS_CORRECT,ANSWER_ID) values ('LOL','9',0,'3');
Insert into FIXED_ANSWERS (TEXT,QUESTION_ID,IS_CORRECT,ANSWER_ID) values ('Oracle is an awesome db','16',1,'4');
Insert into FIXED_ANSWERS (TEXT,QUESTION_ID,IS_CORRECT,ANSWER_ID) values ('Oracle is a cat','16',0,'5');
Insert into FIXED_ANSWERS (TEXT,QUESTION_ID,IS_CORRECT,ANSWER_ID) values ('Oracle is a dog','16',0,'6');
Insert into FIXED_ANSWERS (TEXT,QUESTION_ID,IS_CORRECT,ANSWER_ID) values ('Oracle is a car','16',0,'7');
Insert into FIXED_ANSWERS (TEXT,QUESTION_ID,IS_CORRECT,ANSWER_ID) values ('7','7',1,'8');
Insert into FIXED_ANSWERS (TEXT,QUESTION_ID,IS_CORRECT,ANSWER_ID) values ('2','7',0,'9');
Insert into FIXED_ANSWERS (TEXT,QUESTION_ID,IS_CORRECT,ANSWER_ID) values ('15','7',0,'10');
Insert into FIXED_ANSWERS (TEXT,QUESTION_ID,IS_CORRECT,ANSWER_ID) values ('20','7',0,'11');
Insert into FIXED_ANSWERS (TEXT,QUESTION_ID,IS_CORRECT,ANSWER_ID) values ('Database','18',1,'12');
Insert into FIXED_ANSWERS (TEXT,QUESTION_ID,IS_CORRECT,ANSWER_ID) values ('Football','18',0,'13');
Insert into FIXED_ANSWERS (TEXT,QUESTION_ID,IS_CORRECT,ANSWER_ID) values ('Car','18',0,'14');
Insert into FIXED_ANSWERS (TEXT,QUESTION_ID,IS_CORRECT,ANSWER_ID) values ('Laptop','18',0,'15');
Insert into FIXED_ANSWERS (TEXT,QUESTION_ID,IS_CORRECT,ANSWER_ID) values ('Abc','9',0,'16');
Insert into FIXED_ANSWERS (TEXT,QUESTION_ID,IS_CORRECT,ANSWER_ID) values ('1st answer','11',1,'17');
Insert into FIXED_ANSWERS (TEXT,QUESTION_ID,IS_CORRECT,ANSWER_ID) values ('2nd answer','11',0,'18');
Insert into FIXED_ANSWERS (TEXT,QUESTION_ID,IS_CORRECT,ANSWER_ID) values ('3rd answer','11',0,'19');
Insert into FIXED_ANSWERS (TEXT,QUESTION_ID,IS_CORRECT,ANSWER_ID) values ('4th answer','11',0,'20');
Insert into FIXED_ANSWERS (TEXT,QUESTION_ID,IS_CORRECT,ANSWER_ID) values ('123','15',0,'22');
Insert into FIXED_ANSWERS (TEXT,QUESTION_ID,IS_CORRECT,ANSWER_ID) values ('456','15',1,'23');
Insert into FIXED_ANSWERS (TEXT,QUESTION_ID,IS_CORRECT,ANSWER_ID) values ('789','15',0,'24');
Insert into FIXED_ANSWERS (TEXT,QUESTION_ID,IS_CORRECT,ANSWER_ID) values ('134','15',0,'21');
REM INSERTING into FIXED_QUESTION
SET DEFINE OFF;
Insert into FIXED_QUESTION (QUESTION_ID,FIXED_TEXT) values ('23','What is a transaction ?');
Insert into FIXED_QUESTION (QUESTION_ID,FIXED_TEXT) values ('11','sd a? ');
Insert into FIXED_QUESTION (QUESTION_ID,FIXED_TEXT) values ('16','What is oracle ?');
Insert into FIXED_QUESTION (QUESTION_ID,FIXED_TEXT) values ('9','asdas asdas asd');
Insert into FIXED_QUESTION (QUESTION_ID,FIXED_TEXT) values ('15','What is mysql?');
Insert into FIXED_QUESTION (QUESTION_ID,FIXED_TEXT) values ('7','3+4=?');
Insert into FIXED_QUESTION (QUESTION_ID,FIXED_TEXT) values ('18','What is dbms?');
REM INSERTING into HW_EX
SET DEFINE OFF;
Insert into HW_EX (ID,NAME,CORR_ANS_PTS,PENALTY_POINTS,START_DATE,END_DATE,SCORING_POLICY,NO_OF_QUES,RETRIES,HW_MODE,INSTRUCTOR_ID,COURSE_ID) values ('3','Homework 1','3','1',to_date('12-AUG-17','DD-MON-RR'),to_date('19-SEP-17','DD-MON-RR'),'latest_attempt','5','2','Standard','kogan','CSC540');
Insert into HW_EX (ID,NAME,CORR_ANS_PTS,PENALTY_POINTS,START_DATE,END_DATE,SCORING_POLICY,NO_OF_QUES,RETRIES,HW_MODE,INSTRUCTOR_ID,COURSE_ID) values ('4','Trial','3','1',to_date('01-NOV-17','DD-MON-RR'),to_date('10-NOV-17','DD-MON-RR'),'maximum_score','10','2','Standard','kogan','CSC540');
Insert into HW_EX (ID,NAME,CORR_ANS_PTS,PENALTY_POINTS,START_DATE,END_DATE,SCORING_POLICY,NO_OF_QUES,RETRIES,HW_MODE,INSTRUCTOR_ID,COURSE_ID) values ('6','A','3','1',to_date('05-JAN-18','DD-MON-RR'),to_date('05-MAY-18','DD-MON-RR'),'MAXIMUM_SCORE','10','3','ADAPTIVE','kogan','CSC540');
Insert into HW_EX (ID,NAME,CORR_ANS_PTS,PENALTY_POINTS,START_DATE,END_DATE,SCORING_POLICY,NO_OF_QUES,RETRIES,HW_MODE,INSTRUCTOR_ID,COURSE_ID) values ('1','Homework 2','4','1',to_date('21-SEP-17','DD-MON-RR'),to_date('10-OCT-17','DD-MON-RR'),'average_score','7','50','Adaptive','kogan','CSC540');
Insert into HW_EX (ID,NAME,CORR_ANS_PTS,PENALTY_POINTS,START_DATE,END_DATE,SCORING_POLICY,NO_OF_QUES,RETRIES,HW_MODE,INSTRUCTOR_ID,COURSE_ID) values ('2','Homework 3','4','0',to_date('12-OCT-17','DD-MON-RR'),to_date('30-OCT-17','DD-MON-RR'),'average_score','10','100','standard','kogan','CSC540');
Insert into HW_EX (ID,NAME,CORR_ANS_PTS,PENALTY_POINTS,START_DATE,END_DATE,SCORING_POLICY,NO_OF_QUES,RETRIES,HW_MODE,INSTRUCTOR_ID,COURSE_ID) values ('5','Number Manipulation','3','1',to_date('05-NOV-17','DD-MON-RR'),to_date('20-NOV-17','DD-MON-RR'),'Maximum_score','4','20','Adaptive','kogan','CSC540');
REM INSERTING into HW_EX_QUESTIONS
SET DEFINE OFF;
Insert into HW_EX_QUESTIONS (HW_ID,QUESTION_ID) values ('1','16');
Insert into HW_EX_QUESTIONS (HW_ID,QUESTION_ID) values ('1','21');
Insert into HW_EX_QUESTIONS (HW_ID,QUESTION_ID) values ('1','24');
Insert into HW_EX_QUESTIONS (HW_ID,QUESTION_ID) values ('1','7');
Insert into HW_EX_QUESTIONS (HW_ID,QUESTION_ID) values ('2','11');
Insert into HW_EX_QUESTIONS (HW_ID,QUESTION_ID) values ('2','15');
Insert into HW_EX_QUESTIONS (HW_ID,QUESTION_ID) values ('2','16');
Insert into HW_EX_QUESTIONS (HW_ID,QUESTION_ID) values ('2','9');
Insert into HW_EX_QUESTIONS (HW_ID,QUESTION_ID) values ('3','1');
Insert into HW_EX_QUESTIONS (HW_ID,QUESTION_ID) values ('4','16');
Insert into HW_EX_QUESTIONS (HW_ID,QUESTION_ID) values ('4','22');
Insert into HW_EX_QUESTIONS (HW_ID,QUESTION_ID) values ('5','100');
Insert into HW_EX_QUESTIONS (HW_ID,QUESTION_ID) values ('5','101');
Insert into HW_EX_QUESTIONS (HW_ID,QUESTION_ID) values ('5','102');
Insert into HW_EX_QUESTIONS (HW_ID,QUESTION_ID) values ('5','103');
REM INSERTING into INSTRUCTORS
SET DEFINE OFF;
Insert into INSTRUCTORS (ID,FIRST_NAME,LAST_NAME) values ('kogan','Kemafor','Ogan');
Insert into INSTRUCTORS (ID,FIRST_NAME,LAST_NAME) values ('rchirkova','Rada','Chirkova');
Insert into INSTRUCTORS (ID,FIRST_NAME,LAST_NAME) values ('chealey','Christopher','Healey');
REM INSERTING into PARAMETERIZED_ANSWERS
SET DEFINE OFF;
Insert into PARAMETERIZED_ANSWERS (PARAMETER_ID,ANSWER_ID,TEXT,IS_CORRECT,QUESTION_ID) values ('1','1','cycle',1,'17');
Insert into PARAMETERIZED_ANSWERS (PARAMETER_ID,ANSWER_ID,TEXT,IS_CORRECT,QUESTION_ID) values ('7','6','3',1,'24');
Insert into PARAMETERIZED_ANSWERS (PARAMETER_ID,ANSWER_ID,TEXT,IS_CORRECT,QUESTION_ID) values ('7','7','9',0,'24');
Insert into PARAMETERIZED_ANSWERS (PARAMETER_ID,ANSWER_ID,TEXT,IS_CORRECT,QUESTION_ID) values ('7','8','10',0,'24');
Insert into PARAMETERIZED_ANSWERS (PARAMETER_ID,ANSWER_ID,TEXT,IS_CORRECT,QUESTION_ID) values ('7','9','67',0,'24');
Insert into PARAMETERIZED_ANSWERS (PARAMETER_ID,ANSWER_ID,TEXT,IS_CORRECT,QUESTION_ID) values ('8','10','8',1,'24');
Insert into PARAMETERIZED_ANSWERS (PARAMETER_ID,ANSWER_ID,TEXT,IS_CORRECT,QUESTION_ID) values ('8','11','5',0,'24');
Insert into PARAMETERIZED_ANSWERS (PARAMETER_ID,ANSWER_ID,TEXT,IS_CORRECT,QUESTION_ID) values ('8','12','16',0,'24');
Insert into PARAMETERIZED_ANSWERS (PARAMETER_ID,ANSWER_ID,TEXT,IS_CORRECT,QUESTION_ID) values ('8','13','19',0,'24');
Insert into PARAMETERIZED_ANSWERS (PARAMETER_ID,ANSWER_ID,TEXT,IS_CORRECT,QUESTION_ID) values ('3','2','3',1,'22');
Insert into PARAMETERIZED_ANSWERS (PARAMETER_ID,ANSWER_ID,TEXT,IS_CORRECT,QUESTION_ID) values ('4','3','10',0,'22');
Insert into PARAMETERIZED_ANSWERS (PARAMETER_ID,ANSWER_ID,TEXT,IS_CORRECT,QUESTION_ID) values ('5','4','20',0,'22');
Insert into PARAMETERIZED_ANSWERS (PARAMETER_ID,ANSWER_ID,TEXT,IS_CORRECT,QUESTION_ID) values ('6','5','50',0,'22');
Insert into PARAMETERIZED_ANSWERS (PARAMETER_ID,ANSWER_ID,TEXT,IS_CORRECT,QUESTION_ID) values ('0','0','its an awesome subject',1,'13');
Insert into PARAMETERIZED_ANSWERS (PARAMETER_ID,ANSWER_ID,TEXT,IS_CORRECT,QUESTION_ID) values ('100','100','3',1,'100');
Insert into PARAMETERIZED_ANSWERS (PARAMETER_ID,ANSWER_ID,TEXT,IS_CORRECT,QUESTION_ID) values ('100','101','10',0,'100');
Insert into PARAMETERIZED_ANSWERS (PARAMETER_ID,ANSWER_ID,TEXT,IS_CORRECT,QUESTION_ID) values ('101','102','7',1,'100');
Insert into PARAMETERIZED_ANSWERS (PARAMETER_ID,ANSWER_ID,TEXT,IS_CORRECT,QUESTION_ID) values ('101','103','2',0,'100');
Insert into PARAMETERIZED_ANSWERS (PARAMETER_ID,ANSWER_ID,TEXT,IS_CORRECT,QUESTION_ID) values ('102','104','1',1,'101');
Insert into PARAMETERIZED_ANSWERS (PARAMETER_ID,ANSWER_ID,TEXT,IS_CORRECT,QUESTION_ID) values ('102','105','5',0,'101');
Insert into PARAMETERIZED_ANSWERS (PARAMETER_ID,ANSWER_ID,TEXT,IS_CORRECT,QUESTION_ID) values ('103','106','2',1,'101');
Insert into PARAMETERIZED_ANSWERS (PARAMETER_ID,ANSWER_ID,TEXT,IS_CORRECT,QUESTION_ID) values ('103','107','20',0,'101');
Insert into PARAMETERIZED_ANSWERS (PARAMETER_ID,ANSWER_ID,TEXT,IS_CORRECT,QUESTION_ID) values ('104','108','1',1,'102');
Insert into PARAMETERIZED_ANSWERS (PARAMETER_ID,ANSWER_ID,TEXT,IS_CORRECT,QUESTION_ID) values ('104','109','5',0,'102');
Insert into PARAMETERIZED_ANSWERS (PARAMETER_ID,ANSWER_ID,TEXT,IS_CORRECT,QUESTION_ID) values ('105','110','4',1,'102');
Insert into PARAMETERIZED_ANSWERS (PARAMETER_ID,ANSWER_ID,TEXT,IS_CORRECT,QUESTION_ID) values ('105','111','15',0,'102');
Insert into PARAMETERIZED_ANSWERS (PARAMETER_ID,ANSWER_ID,TEXT,IS_CORRECT,QUESTION_ID) values ('106','112','5',1,'103');
Insert into PARAMETERIZED_ANSWERS (PARAMETER_ID,ANSWER_ID,TEXT,IS_CORRECT,QUESTION_ID) values ('106','113','19',0,'103');
Insert into PARAMETERIZED_ANSWERS (PARAMETER_ID,ANSWER_ID,TEXT,IS_CORRECT,QUESTION_ID) values ('107','114','10',1,'103');
Insert into PARAMETERIZED_ANSWERS (PARAMETER_ID,ANSWER_ID,TEXT,IS_CORRECT,QUESTION_ID) values ('107','115','12',0,'103');
REM INSERTING into PARAMETERIZED_QUESTION
SET DEFINE OFF;
Insert into PARAMETERIZED_QUESTION (QUESTION_ID,PARAMETERIZED_TEXT) values ('17','What is cycle ?');
Insert into PARAMETERIZED_QUESTION (QUESTION_ID,PARAMETERIZED_TEXT) values ('24','#x + #y = ?');
Insert into PARAMETERIZED_QUESTION (QUESTION_ID,PARAMETERIZED_TEXT) values ('22','#a + #b=?');
Insert into PARAMETERIZED_QUESTION (QUESTION_ID,PARAMETERIZED_TEXT) values ('10','adasd ?');
Insert into PARAMETERIZED_QUESTION (QUESTION_ID,PARAMETERIZED_TEXT) values ('13','What is dbms ?');
Insert into PARAMETERIZED_QUESTION (QUESTION_ID,PARAMETERIZED_TEXT) values ('14','What is dbms ?');
Insert into PARAMETERIZED_QUESTION (QUESTION_ID,PARAMETERIZED_TEXT) values ('19','a+b=?');
Insert into PARAMETERIZED_QUESTION (QUESTION_ID,PARAMETERIZED_TEXT) values ('20','a+b=?');
Insert into PARAMETERIZED_QUESTION (QUESTION_ID,PARAMETERIZED_TEXT) values ('21','a+b=?');
Insert into PARAMETERIZED_QUESTION (QUESTION_ID,PARAMETERIZED_TEXT) values ('25','What is #T + #G = ?');
Insert into PARAMETERIZED_QUESTION (QUESTION_ID,PARAMETERIZED_TEXT) values ('12','dfssdf ?');
Insert into PARAMETERIZED_QUESTION (QUESTION_ID,PARAMETERIZED_TEXT) values ('100','What is #p + #q ?');
Insert into PARAMETERIZED_QUESTION (QUESTION_ID,PARAMETERIZED_TEXT) values ('101','What is #r - #s ?');
Insert into PARAMETERIZED_QUESTION (QUESTION_ID,PARAMETERIZED_TEXT) values ('102','What is #m * #n ?');
Insert into PARAMETERIZED_QUESTION (QUESTION_ID,PARAMETERIZED_TEXT) values ('103','What is #c / #d ?');
REM INSERTING into PARAMETERS
SET DEFINE OFF;
Insert into PARAMETERS (ID,QUESTION_ID,PARAMETERS,VALUE) values ('1','17','A,B','23,23');
Insert into PARAMETERS (ID,QUESTION_ID,PARAMETERS,VALUE) values ('7','24','x, y','1, 2');
Insert into PARAMETERS (ID,QUESTION_ID,PARAMETERS,VALUE) values ('8','24','x, y','4, 4');
Insert into PARAMETERS (ID,QUESTION_ID,PARAMETERS,VALUE) values ('9','24','x, y','3, 3');
Insert into PARAMETERS (ID,QUESTION_ID,PARAMETERS,VALUE) values ('10','24','x, y','1, 99');
Insert into PARAMETERS (ID,QUESTION_ID,PARAMETERS,VALUE) values ('3','22','a,b','3,4');
Insert into PARAMETERS (ID,QUESTION_ID,PARAMETERS,VALUE) values ('4','22','a,b','1,2');
Insert into PARAMETERS (ID,QUESTION_ID,PARAMETERS,VALUE) values ('5','22','a,b','1,2');
Insert into PARAMETERS (ID,QUESTION_ID,PARAMETERS,VALUE) values ('6','22','a,b','2,4');
Insert into PARAMETERS (ID,QUESTION_ID,PARAMETERS,VALUE) values ('0','14','p1,p2,p3','20,30,40');
Insert into PARAMETERS (ID,QUESTION_ID,PARAMETERS,VALUE) values ('2','21','a,b','3,4');
Insert into PARAMETERS (ID,QUESTION_ID,PARAMETERS,VALUE) values ('11','25','T, G','5, 5');
Insert into PARAMETERS (ID,QUESTION_ID,PARAMETERS,VALUE) values ('100','100','p,q','1,2');
Insert into PARAMETERS (ID,QUESTION_ID,PARAMETERS,VALUE) values ('101','100','p,q','3,4');
Insert into PARAMETERS (ID,QUESTION_ID,PARAMETERS,VALUE) values ('102','101','r,s','2,1');
Insert into PARAMETERS (ID,QUESTION_ID,PARAMETERS,VALUE) values ('103','101','r,s','3,1');
Insert into PARAMETERS (ID,QUESTION_ID,PARAMETERS,VALUE) values ('104','102','m,n','1,1');
Insert into PARAMETERS (ID,QUESTION_ID,PARAMETERS,VALUE) values ('105','102','m,n','2,2');
Insert into PARAMETERS (ID,QUESTION_ID,PARAMETERS,VALUE) values ('106','103','c,d','10,5');
Insert into PARAMETERS (ID,QUESTION_ID,PARAMETERS,VALUE) values ('107','103','c,d','20,2');
REM INSERTING into QUESTIONS
SET DEFINE OFF;
Insert into QUESTIONS (ID,DIFFICULTY_LEVEL,HINT,EXPLANATION,TYPE) values ('17',3,'asd','as','PARAMETERIZED');
Insert into QUESTIONS (ID,DIFFICULTY_LEVEL,HINT,EXPLANATION,TYPE) values ('2',2,null,'null','Parameterized');
Insert into QUESTIONS (ID,DIFFICULTY_LEVEL,HINT,EXPLANATION,TYPE) values ('23',3,'hint','exp','FIXED');
Insert into QUESTIONS (ID,DIFFICULTY_LEVEL,HINT,EXPLANATION,TYPE) values ('24',6,null,null,'PARAMETERIZED');
Insert into QUESTIONS (ID,DIFFICULTY_LEVEL,HINT,EXPLANATION,TYPE) values ('3',5,'hint','null','Parameterized');
Insert into QUESTIONS (ID,DIFFICULTY_LEVEL,HINT,EXPLANATION,TYPE) values ('4',3,null,null,'Fixed');
Insert into QUESTIONS (ID,DIFFICULTY_LEVEL,HINT,EXPLANATION,TYPE) values ('5',3,null,null,'Fixed');
Insert into QUESTIONS (ID,DIFFICULTY_LEVEL,HINT,EXPLANATION,TYPE) values ('6',2,null,null,'Parameterized');
Insert into QUESTIONS (ID,DIFFICULTY_LEVEL,HINT,EXPLANATION,TYPE) values ('7',3,'asd','asd','Fixed');
Insert into QUESTIONS (ID,DIFFICULTY_LEVEL,HINT,EXPLANATION,TYPE) values ('11',2,null,null,'Parameterized');
Insert into QUESTIONS (ID,DIFFICULTY_LEVEL,HINT,EXPLANATION,TYPE) values ('16',4,'asd','asd','FIXED');
Insert into QUESTIONS (ID,DIFFICULTY_LEVEL,HINT,EXPLANATION,TYPE) values ('22',2,'abc','123','PARAMETERIZED');
Insert into QUESTIONS (ID,DIFFICULTY_LEVEL,HINT,EXPLANATION,TYPE) values ('1',5,'some hint','some exp','Parameterized');
Insert into QUESTIONS (ID,DIFFICULTY_LEVEL,HINT,EXPLANATION,TYPE) values ('8',4,null,null,'Fixed');
Insert into QUESTIONS (ID,DIFFICULTY_LEVEL,HINT,EXPLANATION,TYPE) values ('9',3,null,null,'Parameterized');
Insert into QUESTIONS (ID,DIFFICULTY_LEVEL,HINT,EXPLANATION,TYPE) values ('10',3,'ASADS',null,'Parameterized');
Insert into QUESTIONS (ID,DIFFICULTY_LEVEL,HINT,EXPLANATION,TYPE) values ('13',6,null,null,'PARAMETERIZED');
Insert into QUESTIONS (ID,DIFFICULTY_LEVEL,HINT,EXPLANATION,TYPE) values ('14',6,'qhint','exp','PARAMETERIZED');
Insert into QUESTIONS (ID,DIFFICULTY_LEVEL,HINT,EXPLANATION,TYPE) values ('15',4,'ad','asd','FIXED');
Insert into QUESTIONS (ID,DIFFICULTY_LEVEL,HINT,EXPLANATION,TYPE) values ('18',1,'abc','abcde','FIXED');
Insert into QUESTIONS (ID,DIFFICULTY_LEVEL,HINT,EXPLANATION,TYPE) values ('19',2,'abcd','abcde','PARAMETERIZED');
Insert into QUESTIONS (ID,DIFFICULTY_LEVEL,HINT,EXPLANATION,TYPE) values ('20',2,'abc','abcde','PARAMETERIZED');
Insert into QUESTIONS (ID,DIFFICULTY_LEVEL,HINT,EXPLANATION,TYPE) values ('21',2,'xyz','xyzabc','PARAMETERIZED');
Insert into QUESTIONS (ID,DIFFICULTY_LEVEL,HINT,EXPLANATION,TYPE) values ('25',6,'df','sdf','PARAMETERIZED');
Insert into QUESTIONS (ID,DIFFICULTY_LEVEL,HINT,EXPLANATION,TYPE) values ('12',3,'ds','sdf','Fixed');
Insert into QUESTIONS (ID,DIFFICULTY_LEVEL,HINT,EXPLANATION,TYPE) values ('100',1,'123','1234','PARAMETERIZED');
Insert into QUESTIONS (ID,DIFFICULTY_LEVEL,HINT,EXPLANATION,TYPE) values ('101',2,'123','1234','PARAMETERIZED');
Insert into QUESTIONS (ID,DIFFICULTY_LEVEL,HINT,EXPLANATION,TYPE) values ('102',3,'123','1234','PARAMETERIZED');
Insert into QUESTIONS (ID,DIFFICULTY_LEVEL,HINT,EXPLANATION,TYPE) values ('103',4,'123','1234','PARAMETERIZED');
REM INSERTING into QUESTION_BANK
SET DEFINE OFF;
Insert into QUESTION_BANK (TOPIC_ID,QUESTION_ID,COURSE_ID) values ('1','1','CSC440');
Insert into QUESTION_BANK (TOPIC_ID,QUESTION_ID,COURSE_ID) values ('1','11','CSC540');
Insert into QUESTION_BANK (TOPIC_ID,QUESTION_ID,COURSE_ID) values ('1','12','CSC540');
Insert into QUESTION_BANK (TOPIC_ID,QUESTION_ID,COURSE_ID) values ('1','14','CSC540');
Insert into QUESTION_BANK (TOPIC_ID,QUESTION_ID,COURSE_ID) values ('1','16','CSC540');
Insert into QUESTION_BANK (TOPIC_ID,QUESTION_ID,COURSE_ID) values ('1','17','CSC540');
Insert into QUESTION_BANK (TOPIC_ID,QUESTION_ID,COURSE_ID) values ('1','18','CSC540');
Insert into QUESTION_BANK (TOPIC_ID,QUESTION_ID,COURSE_ID) values ('1','22','CSC540');
Insert into QUESTION_BANK (TOPIC_ID,QUESTION_ID,COURSE_ID) values ('1','24','CSC540');
Insert into QUESTION_BANK (TOPIC_ID,QUESTION_ID,COURSE_ID) values ('2','23','CSC540');
REM INSERTING into REPORT
SET DEFINE OFF;
REM INSERTING into ROLES
SET DEFINE OFF;
Insert into ROLES (ROLE_ID,ROLE_NAME) values ('1','TA');
Insert into ROLES (ROLE_ID,ROLE_NAME) values ('2','INSTRUCTOR');
Insert into ROLES (ROLE_ID,ROLE_NAME) values ('3','STUDENT');
REM INSERTING into STUDENTS
SET DEFINE OFF;
Insert into STUDENTS (ID,FIRST_NAME,LAST_NAME,STUD_LEVEL) values ('mfisher','Michal','Fisher','UNDERGRADUATE');
Insert into STUDENTS (ID,FIRST_NAME,LAST_NAME,STUD_LEVEL) values ('tregan','Tom','Regan','UNDERGRADUATE');
Insert into STUDENTS (ID,FIRST_NAME,LAST_NAME,STUD_LEVEL) values ('jmick','Jenelle','Mick','GRADUATE');
Insert into STUDENTS (ID,FIRST_NAME,LAST_NAME,STUD_LEVEL) values ('jharla','Jitendra','Harlalka','GRADUATE');
Insert into STUDENTS (ID,FIRST_NAME,LAST_NAME,STUD_LEVEL) values ('aneela','Aishwarya','Neelakantan','GRADUATE');
Insert into STUDENTS (ID,FIRST_NAME,LAST_NAME,STUD_LEVEL) values ('jander','Joseph ','Anderson','UNDERGRADUATE');
Insert into STUDENTS (ID,FIRST_NAME,LAST_NAME,STUD_LEVEL) values ('mjones','Mary','Jones','GRADUATE');
Insert into STUDENTS (ID,FIRST_NAME,LAST_NAME,STUD_LEVEL) values ('jmoyer','James','Moyer','GRADUATE');
REM INSERTING into TA
SET DEFINE OFF;
Insert into TA (ID,COURSE_ID,STUDENT_ID) values ('aneela1','CSC440','aneela');
Insert into TA (ID,COURSE_ID,STUDENT_ID) values ('jmoyer1','CSC541','jmoyer');
Insert into TA (ID,COURSE_ID,STUDENT_ID) values ('jmick1','CSC440','jmick');
Insert into TA (ID,COURSE_ID,STUDENT_ID) values ('jharla1','CSC540','jharla');
REM INSERTING into TOPICS
SET DEFINE OFF;
Insert into TOPICS (ID,TEXT) values ('2','Storage Data : Disk and Files');
Insert into TOPICS (ID,TEXT) values ('1','Inroduction to Database Design');
Insert into TOPICS (ID,TEXT) values ('3','Primary file organization');
Insert into TOPICS (ID,TEXT) values ('4','Tree Structures');
Insert into TOPICS (ID,TEXT) values ('5','Primary file organization');
Insert into TOPICS (ID,TEXT) values ('6','Tree Structures');
Insert into TOPICS (ID,TEXT) values ('7','Primary file organization');
Insert into TOPICS (ID,TEXT) values ('8','Tree Structures');
REM INSERTING into USERS
SET DEFINE OFF;
Insert into USERS (ID,PASSWORD,ROLE_ID) values ('tregan','tregan','3');
Insert into USERS (ID,PASSWORD,ROLE_ID) values ('mfisher','mfisher','3');
Insert into USERS (ID,PASSWORD,ROLE_ID) values ('jharla','jharla','3');
Insert into USERS (ID,PASSWORD,ROLE_ID) values ('aneela','aneela','3');
Insert into USERS (ID,PASSWORD,ROLE_ID) values ('jander','jander','3');
Insert into USERS (ID,PASSWORD,ROLE_ID) values ('mjones','mjones','3');
Insert into USERS (ID,PASSWORD,ROLE_ID) values ('jmoyer','jmoyer','3');
Insert into USERS (ID,PASSWORD,ROLE_ID) values ('kogan','kogan','2');
Insert into USERS (ID,PASSWORD,ROLE_ID) values ('rchirkova','rchirkova','2');
Insert into USERS (ID,PASSWORD,ROLE_ID) values ('chealey','chealey','2');
Insert into USERS (ID,PASSWORD,ROLE_ID) values ('aneela1','aneela1','1');
Insert into USERS (ID,PASSWORD,ROLE_ID) values ('jmick1','jmick1','1');
Insert into USERS (ID,PASSWORD,ROLE_ID) values ('jharla1','jharla1','1');
Insert into USERS (ID,PASSWORD,ROLE_ID) values ('jmoyer1','jmoyer1','1');
Insert into USERS (ID,PASSWORD,ROLE_ID) values ('jmick','jmick','3');
